<dict>
	<key>SebPurpose</key>
	<integer>0</integer>
	<key>allowDownUploads</key>
	<true/>
	<key>allowFlashFullscreen</key>
	<false/>
	<key>allowPreferencesWindow</key>
	<true/>
	<key>allowQuit</key>
	<true/>
	<key>allowSwitchToApplications</key>
	<true/>
	<key>allowSwitchToThirdPartyApps</key>
	<true/>
	<key>blockPopUpWindows</key>
	<false/>
	<key>chooseFileToUploadPolicy</key>
	<integer>0</integer>
	<key>copyExamKeyToClipboardWhenQuitting</key>
	<false/>
	<key>cryptoIdentity</key>
	<integer>0</integer>
	<key>downloadDirectory</key>
	<string>/Users/drs/Downloads</string>
	<key>downloadDirectoryOSX</key>
	<string>~/Downloads</string>
	<key>downloadPDFFiles</key>
	<false/>
	<key>enableBrowsingBackForward</key>
	<false/>
	<key>enableJava</key>
	<false/>
	<key>enableJavaScript</key>
	<true/>
	<key>enablePlugins</key>
	<true/>
	<key>examKeySalt</key>
	<data>
	</data>
	<key>hashedAdminPassword</key>
	<string>155290511d5c4bfb1369217d6846c8eef1ed6a564579516eaf36cf5598ac92de</string>
	<key>hashedQuitPassword</key>
	<string>8577da2ea54085708b3b851bc50315a36bb740ba5135e747cfb12457b5d3060f</string>
	<key>newBrowserWindowByLinkBlockForeign</key>
	<false/>
	<key>newBrowserWindowByLinkPolicy</key>
	<integer>2</integer>
	<key>newBrowserWindowByScriptBlockForeign</key>
	<false/>
	<key>newBrowserWindowByScriptPolicy</key>
	<integer>2</integer>
	<key>openDownloads</key>
	<true/>
	<key>prefsInBundle</key>
	<true/>
	<key>quitURL</key>
	<string></string>
	<key>sebServicePolicy</key>
	<integer>2</integer>
	<key>settingsPassword</key>
	<string></string>
	<key>startURL</key>
	<string>http://www.safeexambrowser.org/exams</string>
</dict>
